address,first_seen
0xf3804970d732c86470cf66051a397b313f97eabf,2025-08-20T18:17:31.003116+00:00
0x5856599b8685a4c61cb67c26c5bd17d41faa49d1,2025-08-20T18:17:31.010958+00:00
0x2a0cc5b62b8fc22e4dbcf0c6c9a3dc67d5503605,2025-08-20T18:17:31.018880+00:00
0x764450475f542b2bf1e1230b6418ad1fa9af15bc,2025-08-20T18:17:31.026882+00:00
0x35a8708b053eacbd3612a5dcbe501363a58979b1,2025-08-20T18:17:31.034562+00:00
0x2020df5cc625a6c6417364efeefa1fb88478790c,2025-08-20T18:17:31.043735+00:00
0xc29ea4e64d0c228f43475caf03d8b58a8e9f32f0,2025-08-20T18:17:31.051379+00:00
0x6fa977924365b55da630861f155f6f92f3647270,2025-08-20T18:17:31.058989+00:00
0x96d91a0dc54345e4bb2b343d3e8bf830b9eaedae,2025-08-20T18:17:31.067629+00:00
0xd930f44a2d7056717e60dc31343195a77755397a,2025-08-20T18:17:31.074974+00:00
0xdeffff93f1a01547a24a5fe33eee8d099f578648,2025-08-20T18:17:31.081875+00:00
0x92e51494189e609bc06ee06f81086c08f1546d9a,2025-08-20T18:17:31.089684+00:00
0x041c980ea65f38d52232384782db022b07b2bf58,2025-08-20T18:21:57.959801+00:00
0x219fa2f5326d0dc128497cc943cf85b0b91589cd,2025-08-20T18:21:57.969064+00:00
0xa1daaa19d0c8b10261c7393cb19a096f941ed2e7,2025-08-20T18:21:57.977372+00:00
0xc43d128f1390c95faa9107d6aef0bea2ce3740e7,2025-08-20T18:21:57.988829+00:00
0xd2533dab5c8a2f6b9a71b42ffa0ad2ed1d410b37,2025-08-20T18:21:57.997520+00:00
0xe2f493fc333fd0a6183c6412ff4d63d2daba8567,2025-08-20T18:21:58.005879+00:00
0xe60a054037c4e94ea77b0686436a89babb67d450,2025-08-20T18:21:58.013750+00:00
0xee3ee86947a899fd2e2b999e2958960096fc9570,2025-08-20T18:21:58.022646+00:00
0x316800a9d43867a182123e355578a4e597d40d6a,2025-08-20T18:21:58.031472+00:00
0x4776eefb3f9fc8e0f6ee1bc9d0640300b6973dff,2025-08-20T18:21:58.041244+00:00
0x2ba444cff30d6b73b7c267dc2f3f4f356cf3c882,2025-08-20T18:21:58.050106+00:00
0xbaa4650b3bab8b06e40c7aec725f9c91a7cc9d0f,2025-08-20T18:21:58.059669+00:00
0xd76d508462c08be0d7e10a2c264ba6a4727ac4df,2025-08-20T19:33:08.462708+00:00
0x5c90f4248d8b64e5503de3d56ea664d04b75abab,2025-08-20T19:33:08.472564+00:00
0x0085dfa6d0aa4f2f85384fd4c4b095e62971d25d,2025-08-20T19:33:08.480774+00:00
0xc654421fb71c46715d42a10400ae01aaf174375a,2025-08-20T19:33:08.489756+00:00
0xb439afc57f48c6208b9701a5a44525180578c75d,2025-08-20T19:33:08.497582+00:00
0x9221ccc01cb8214af0d2da5d751de89238b510db,2025-08-20T19:33:08.507484+00:00
0x3d48e703dc074a3a98980997392cc09e3720661b,2025-08-20T19:33:08.522595+00:00
0xa91f0a86830f4ca74fa161279bf67bef0048b551,2025-08-20T19:33:08.535708+00:00
0xa564bec04526f3c251e77b410fc677df4fd302bd,2025-08-20T19:33:08.543828+00:00
0xdb18f21ff425f0169f1d7eb1aee53a011efb52b6,2025-08-20T19:33:08.551386+00:00
0x8a322e9b74f7fad81ee20371671751e0aa9f17ab,2025-08-20T19:33:08.563312+00:00
0xcdf8e95e4a6291613cd2f1e8404148f1f73bf7c6,2025-08-20T19:33:08.572865+00:00
0x0e3f25629af01cb9f88469ce30163790aa2ea240,2025-08-20T19:44:04.672983+00:00
0x742bed0fc0584ecc541235a526ac275dc2f57394,2025-08-20T19:44:04.682941+00:00
0xa02ba98b092bef6e9e01e95533ca13936236a0c9,2025-08-20T19:44:04.694505+00:00
0x79727931ecfc5469c4c200e79cd68953fd5a302c,2025-08-20T19:44:04.704387+00:00
0x916c70d63f67e3b5120e0c6a952139e882217f6a,2025-08-20T19:44:04.714149+00:00
0xabe996c7c53ca5c0907e8516823c8eae6a86dfdb,2025-08-20T19:44:04.722842+00:00
0x66dcb826efa52e0cf8888d1031addf8dc24a878c,2025-08-20T19:44:04.732260+00:00
0xe4a1a37b88c42f01dd9695ca487762e1868382d8,2025-08-20T19:44:04.741015+00:00
0x15aaceb2109cb95a4a3c46d2acbcea409a98fc3a,2025-08-20T19:44:04.750504+00:00
0x56413b306aa4f98528350811fce7b7cfba0dff2d,2025-08-20T19:44:04.760826+00:00
0xf8ae92131c081af8f5606fac8b27555d496794b3,2025-08-20T19:44:04.769778+00:00
0x9d79dc72daaac5c773d026faf707f3ccea7ec45e,2025-08-20T19:44:04.779033+00:00
0x17354f074b58ef64778467b8a1eb2bbc085fe170,2025-08-20T19:54:38.117336+00:00
0xb2b8121fef0cbfee61841b9200d442056a3b5c35,2025-08-20T19:54:38.127986+00:00
0xd942b27534f5bfdc9edb966bcf504e2a0a900986,2025-08-20T19:54:38.137224+00:00
0x45c1669c916770a47231bd1b8a9b61d5957dd9fa,2025-08-20T19:54:38.147586+00:00
0xf9f85a01aa73ca14009c3f410c337f44751fee6e,2025-08-20T19:54:38.158719+00:00
0x6d4ed55ffc261e7681c0d568ec9d854a04077395,2025-08-20T19:54:38.173123+00:00
0x69928969ec62d7634fceab01ca4f55ffc0c2d61c,2025-08-20T19:54:38.185133+00:00
0xf5317a21300c462855210f23638f72e3d3c2924d,2025-08-20T19:54:38.195552+00:00
0x61f043360b82bf57c26cd37c4e6d4abce83379da,2025-08-20T19:54:38.204243+00:00
0xaaff5cc5247601e33fed3f6b101ed082b3570eb7,2025-08-20T19:54:38.215207+00:00
0xd7af983fd2edd00aeb5c716b96360753b2801bb2,2025-08-20T19:54:38.225334+00:00
0x74fdf889674f4ce463608826f562c7ec137a7f18,2025-08-20T19:54:38.234525+00:00
0xae2885e0e7a6c5f99b93b4dbc43d206c7cf67c7e,2025-08-20T19:59:57.661755+00:00
0xd437f3372f3add2c2bc3245e6bd6f9c202e61bb3,2025-08-20T19:59:57.671348+00:00
0x5b43453fce04b92e190f391a83136bfbecedefd1,2025-08-20T19:59:57.679355+00:00
0x0ebcf4299144991221e82ac7eb922317e585e315,2025-08-20T19:59:57.687090+00:00
0xbaa3ef11659d347aae75c7bb67e29f1f8bb90843,2025-08-20T19:59:57.694597+00:00
0xae2fc483527b8ef99eb5d9b44875f005ba1fae13,2025-08-20T19:59:57.702532+00:00
0x27a8020284e7a395b8386f91deb3b878644f2bd0,2025-08-20T19:59:57.710030+00:00
0x76600ca050342bf82817843ecc1b826da784ffe5,2025-08-20T19:59:57.718230+00:00
0xe6e0be73c1a6649553c51a774c4ec196e75ed73e,2025-08-20T19:59:57.726142+00:00
0xac080ace69daedcd71199993418144c90912763c,2025-08-20T19:59:57.734277+00:00
0xe0c87b7f0661f295a7d73fa791bb5b09b68e106c,2025-08-20T19:59:57.742064+00:00
0xdb05c739879e6d65dcd4ab668e68511e241c8c57,2025-08-20T19:59:57.751021+00:00
0xc058f19095c785fbbf360321f9a552fb976820f8,2025-08-20T19:59:57.758849+00:00
0x3d1999e9f60b188ee319321277fc16004087e5db,2025-08-20T19:59:57.767087+00:00
0xec60c085bcb7ffc53fa6f0932f49645292bef58f,2025-08-20T19:59:57.774982+00:00
0x7ef0729e3999a5a4645ab78a80cf72d3631a0f05,2025-08-20T19:59:57.783098+00:00
0xc066ac5d385419b1a8c43a0e146fa439837a8b8c,2025-08-20T19:59:57.790474+00:00
0x4dd2d8686a90f345e3b2011567836152fe213482,2025-08-20T19:59:57.798899+00:00
0x4c5f6ad6628d205259443ebcf6cc4cdd7d6cbf81,2025-08-20T19:59:57.806496+00:00
0xa6723be6bbf6991c8b2dd56e38b82fe2a945aadc,2025-08-20T19:59:57.814700+00:00
0xead060f6a91cace82c3c10354e268a6fc4ca3d97,2025-08-20T19:59:57.822394+00:00
0xdf49640412a9c20e0c682a32d5634e8329b01ce0,2025-08-20T19:59:57.830532+00:00
0x2a76f7df64889a1f20f5b6aa87ebffa9a38ab925,2025-08-20T19:59:57.838011+00:00
0xb976d01275b809333e3efd76d1d31fe9264466d0,2025-08-20T19:59:57.845617+00:00
0x35f5c346b131109fa069fd6bb2320bf48bfaf430,2025-08-20T19:59:57.853051+00:00
0x18e296053cbdf986196903e889b7dca7a73882f6,2025-08-20T19:59:57.860880+00:00
0xb42f812a44c22cc6b861478900401ee759ebead6,2025-08-20T19:59:57.869307+00:00
0x94c685f0e159f54b6d02a1627471fbdd0648a9ca,2025-08-20T19:59:57.876455+00:00
0x13ea12349357cc0bc2b802a78b94a9253178dabb,2025-08-20T19:59:57.885670+00:00
0x94bf4b12d1264d18dd68718f366dc0653fe400d7,2025-08-20T19:59:57.893482+00:00
0x0f7a8ebabea76a2ed2fda765430c060b6d8c5d57,2025-08-20T19:59:57.901559+00:00
0x6b6c04f76e2d7962ccc0bbd4da45108dd9ae9d79,2025-08-20T19:59:57.909456+00:00
0xd0756e9e2ec1310e3b8e68b5b827fca91a82a072,2025-08-20T19:59:57.917568+00:00
0xcad97616f91872c02ba3553db315db4015cbe850,2025-08-20T19:59:57.925288+00:00
0xcd2e0fb053ea74136748603fa4dbe879380e9dda,2025-08-20T19:59:57.933268+00:00
0x9582e585629cdf48fa2463bc39cce51a115070ea,2025-08-20T19:59:57.941056+00:00
0x46340b20830761efd32832a74d7169b29feb9758,2025-08-20T19:59:57.948913+00:00
0x264bd8291fae1d75db2c5f573b07faa6715997b5,2025-08-20T19:59:57.959610+00:00
0x3a09c40f8f7b93c8c7e09a5422e56dfe7c7d2794,2025-08-20T19:59:57.967652+00:00
0x5aefe9648cbf4e09ce19f49309aff3c679b04b12,2025-08-20T19:59:57.975862+00:00
0xd5072dedcf3d1562d4561d061631b9f12f83dfc2,2025-08-20T19:59:57.984319+00:00
0xf4b4e6fcd0cfb6e3d70821c136b9c5aa0e0936f2,2025-08-20T19:59:57.992253+00:00
0x7baef0cee5039a1a89d8b6a6af36aae95e7f6070,2025-08-20T19:59:58.000649+00:00
0x8486d05d2612dc141a212fcd07eebafe77afe79a,2025-08-20T19:59:58.008940+00:00
0x2091bbce4ddbc70ef06db4bac05ded19b75ca868,2025-08-20T20:06:42.446271+00:00
0xbde76499acc2e366880a477cc45272da08fb51dd,2025-08-20T20:06:42.474938+00:00
0xc68e90bb41dcc4b27325427b1ed3ca4fc3edb4f1,2025-08-20T20:06:42.495228+00:00
0x6c0c64fe3ad5cf80c6d4f2623a51a704f1cbfbd2,2025-08-20T20:06:42.508338+00:00
0x89d8874e91719d8f74203108493e7d044e1671a7,2025-08-20T20:06:42.521137+00:00
0xff1697cd18f03242ea521a80334a9060f0c25c7a,2025-08-20T20:06:42.530127+00:00
0x7c035ca945adbb76b4464a33dc738d2fc752d635,2025-08-20T20:06:42.538381+00:00
0xcbff7f0bd495f0b40ec5c619d8bc2b2fbbcbbf6b,2025-08-20T20:06:42.546784+00:00
0xf89d7b9c864f589bbf53a82105107622b35eaa40,2025-08-20T20:06:42.555103+00:00
0x1ca5aa5b1dd8d948bb0971a5fb1762fe172e0040,2025-08-20T20:06:42.562998+00:00
0xee6418b1565563cb49bc597e791c497a7fb8ba7d,2025-08-20T20:06:42.571079+00:00
0x2d014514cb40efeb8e8568a04bf399fbfc9378df,2025-08-20T20:06:42.578569+00:00
0x46c941d51c1cde8d1e5c94852f298c944786ec5d,2025-08-20T20:06:42.586498+00:00
0x58edf78281334335effa23101bbe3371b6a36a51,2025-08-20T20:06:42.594636+00:00
0x40004fdb76696593903b19b79b9d1d3f5de424f5,2025-08-20T20:06:42.602798+00:00
0x5359ed564eb599fed6cc12acc90e39228f9c64c1,2025-08-20T20:06:42.610903+00:00
0xffaa44655f8dde345457650b6a81cbe94ad68805,2025-08-20T20:06:42.619405+00:00
0x45f4e1b71085b5e0755c5645caa613611510715a,2025-08-20T20:06:42.627285+00:00
0x0b44ab41b32faf09fd7ca2d204a2526a161632f9,2025-08-20T20:06:42.635072+00:00
0x4f1575f7b298851876db234d168b0650b5351925,2025-08-20T20:06:42.643095+00:00
0xcf8ec42033ea6dbefaef56deb4894d63c391d66b,2025-08-20T20:06:42.651081+00:00
0xa5027545a81889128d444e2ea110ad7f4ec3dab2,2025-08-20T20:06:42.658784+00:00
0xef7c73aa43254c2dc10ad786065590b9c88a0816,2025-08-20T20:06:42.666311+00:00
0x7cad5d5bfa7abbf3cfe7b50d092c34fb0d916d10,2025-08-20T20:06:42.674012+00:00
0x945d895281bec1b78b63abe4e14714de7e36f285,2025-08-20T20:06:42.681964+00:00
0xde64e3eb29e08377a1f6eda4deea4dbd9eae1235,2025-08-20T20:06:42.690387+00:00
0x11524014178d32c99f7dce048ebb85a606098c85,2025-08-20T20:06:42.698231+00:00
0x9696f59e4d72e237be84ffd425dcad154bf96976,2025-08-20T20:06:42.706335+00:00
0x2ea223fff71b714325f5f33504045b8cc200ab41,2025-08-20T20:06:42.714095+00:00
0xed51e698b17e5aa4465895c47b589d123fcea1e1,2025-08-20T20:06:42.725191+00:00
0xa2f6719d48c458c4eceebc8a3b86d27f8ea416a7,2025-08-20T20:06:42.733284+00:00
0x9801ad973f48fd68e4098b6006ac2afdc2e6e258,2025-08-20T20:06:42.741258+00:00
0x0b5c4a7fcda49e0a8661419bb55b86161a86db2a,2025-08-20T20:06:42.749314+00:00
0x5511a5d57cdffb66ca3440ae677912ce6760ae11,2025-08-20T20:06:42.757465+00:00
0xd95678ab8bf5637419568e92d84ddc0581c9ae64,2025-08-20T20:06:42.765743+00:00
0x5f4fba8dd5187c5b5c0a301dc49057f8bc480096,2025-08-20T20:06:42.774279+00:00
0x2a61811374b4745f1034f567fc8c68951004b697,2025-08-20T20:06:42.783067+00:00
0x28c6c06298d514db089934071355e5743bf21d60,2025-08-20T20:06:42.791118+00:00
0xf6e335793f3ba05d089028ee419c5994d0a7daba,2025-08-20T20:06:42.799136+00:00
0x9776cbecf431869d7cce96819131476c2e0f4ed5,2025-08-20T20:06:42.807785+00:00
0x6990e7e90ab50c12111f99b84183d3fe298bb3e4,2025-08-20T20:06:42.816204+00:00
0x53f2736fae551c998d4e72e519f1acf474264de4,2025-08-20T20:06:42.824353+00:00
0xb334a61a6209f14b5fa5f1684a4ed7621f66e1ef,2025-08-20T20:06:42.832236+00:00
0xef8801eaf234ff82801821ffe2d78d60a0237f97,2025-08-20T20:06:42.840394+00:00
0x341beb8ac39ec376182d56b358bcaa45e65d31b9,2025-08-20T20:06:42.848267+00:00
0x709e34f206ee6f27a3d325cd899425304137cef6,2025-08-20T20:06:42.856373+00:00
0x6a953154aa9352612cd49ef04d21e561a8aca845,2025-08-20T20:20:53.180364+00:00
0xace594b7588587027e30d25bb155cdd965077b84,2025-08-20T20:20:53.190747+00:00
0x69d6d01b30dda9139d0d1710e4c5eabf5ecee885,2025-08-20T20:20:53.199562+00:00
0x5715915adef4a6c082d2b0a72ed8c278c81c97c5,2025-08-20T20:20:53.211254+00:00
0x28198e3b7f1215c87e802030d7a05b11821c8cad,2025-08-20T20:20:53.221310+00:00
0x50f962d73507f3305fec9dbc4c84cc00ebd8a9b7,2025-08-20T20:20:53.229470+00:00
0x3fdd41c3622aa33227d42d87c6838aaa9dca0dcf,2025-08-20T20:20:53.238556+00:00
0x2fe2374b8b21272a8f4b64338613d65113af725d,2025-08-20T20:20:53.246775+00:00
0x1ba697f0be2ed85145a4084429974369a6cd8a54,2025-08-20T20:20:53.256014+00:00
0x7772fe062c2b6ac0c0f83ca4948177be4889b1b3,2025-08-20T20:20:53.264698+00:00
0x61c36294ac0f66aaf8f25a41c3e7331d57d66efd,2025-08-20T20:20:53.276993+00:00
0x306bf0cc0d766d051938a517076a600dd1027122,2025-08-20T20:20:53.285362+00:00
0x31ed981cafaf9e9583c71bd5003ef91a07c5aa07,2025-08-20T20:20:53.293577+00:00
0xd78466a18db26c8cfca507092f0cdb8acbbe9e3e,2025-08-20T20:20:53.301723+00:00
0x55dc535e2d6784000851162f354eb866d5bd046d,2025-08-20T20:20:53.309875+00:00
0xfd6073a30c1890e00d6369e57a26eeeabd6493c2,2025-08-20T20:20:53.318138+00:00
0x070f5f738870a6a4cc1b7daa910fb112a1cc059e,2025-08-20T20:20:53.326543+00:00
0xa4fbd07271356c839b1ac1cac41c16a85f2c059d,2025-08-20T20:20:53.334538+00:00
0x688ef741ebbffd5566eb1352bf05e724370f7f5a,2025-08-20T20:20:53.343024+00:00
0x47f7f884c0b497fc91746bd2801d05745a63cce7,2025-08-20T20:20:53.351266+00:00
0xd761130ce2026f7c547f4486daf0a1dc4e390dca,2025-08-20T20:20:53.359750+00:00
0x6b1bf175e14a1f3b3f010319451c09bc27aff09d,2025-08-20T20:20:53.367687+00:00
0x3a48fe34bfa11b6dda0539c63ef3547d3117e58e,2025-08-20T20:20:53.375992+00:00
0xa98192339bb333e00e28f4ac8c88eff27e2e40fc,2025-08-20T20:20:53.384337+00:00
0xa1e76735f982890be84d5c724081faf4e18a7401,2025-08-20T20:20:53.392646+00:00
0xe38072bb3e943f32be151dc4bf44103288e17ef7,2025-08-20T20:20:53.400593+00:00
0x07d23baa343f916db312c0a6221f079963aaa729,2025-08-20T20:20:53.408920+00:00
0x12b6c314c9c92191b818d127261185616692d19f,2025-08-20T20:20:53.416808+00:00
0x353b55e4a637ef353d4c7ebab5fe759de671d624,2025-08-20T20:20:53.427795+00:00
0xa9d661c06c2dbfd51e22e0c68b2278129bda4fdd,2025-08-20T20:20:53.435914+00:00
0xdda6b1fdedfae70d5acf15a44ba056aa6ff8ce52,2025-08-20T20:20:53.443555+00:00
0x18686e6781b2d48c23c34ac8d35afffa483dded0,2025-08-20T20:20:53.451698+00:00
0x222d26637c9b96c4dea1a7bb4e9d9beab10b95d6,2025-08-20T20:20:53.459891+00:00
0xbf70939e7ad87d00d7a2d4a7e6cc700514f3d416,2025-08-20T20:20:53.467924+00:00
0x83aa89dfe64c597a2e2579ed3bb846cf784de081,2025-08-20T20:20:53.476063+00:00
0x321a9dc7789e173b6d22d7b576371b30abc6754e,2025-08-20T20:20:53.483770+00:00
0x5e84b55d512312af65ed9b92c33bd7ebd5815d76,2025-08-20T20:20:53.491900+00:00
0x28cc933fecf280e720299b1258e8680355d8841f,2025-08-20T20:20:53.499889+00:00
0xcf31e6fa71f4a41eae58a0c62040e854b73c2f86,2025-08-20T20:20:53.508491+00:00
0x3d77e8773ea2cc7f9e84329f259f58632b14e5c9,2025-08-20T20:20:53.517214+00:00
0x8d5e20658179c8f7ec2762f6c2e95579fe730bc8,2025-08-20T20:20:53.525712+00:00
0xfe263102682933297cb65dc813e5193249769251,2025-08-20T20:20:53.533792+00:00
0xe4fd8213711f18fad8a97a1db45436abd8a2902c,2025-08-20T20:20:53.542053+00:00
0xe1538c08dbadda4b9fe3c490e53ea7624459a5a2,2025-08-20T20:20:53.554257+00:00
0x8222ee115cb999eefd809f1fb3174cb4281ccb77,2025-08-20T20:20:53.563260+00:00
0xc20b8a53334acbf7fa73260decbe39a1090f9189,2025-08-20T20:20:53.572624+00:00
0xa299c04eb002e667bcb6c0d38a024eb5022a5e1a,2025-08-20T20:20:53.580891+00:00
0xb84079458ae1544dfa51844dd4ec43e617d9bb32,2025-08-20T20:20:53.589662+00:00
0x5407ad5b8e2ed95307ccb4cd106f55f666c660f9,2025-08-20T20:20:53.597536+00:00
0x464a5a71c2b06b0b6ec92d530e26f6fe63d6c934,2025-08-20T20:20:53.606545+00:00
0x280cb9a523b8c086ea4b7755399797c020b1bf3d,2025-08-22T17:11:57.436966+00:00
0xcdfae567cb90024f1fc17bba5e05c2f70caaedea,2025-08-22T17:11:57.445450+00:00
0x5f88d2358b036d050b384dc6eae8f4c9ae12af9c,2025-08-22T17:11:57.453245+00:00
0x80202624c3d7a3288c5678dd55ab6ade20670457,2025-08-22T17:11:57.460957+00:00
0x2525b76f87baf6a7a3f772184be8ac71c7668dad,2025-08-22T17:11:57.468860+00:00
0xca59ca6698ba96251f7e3959c77309824f7bd15e,2025-08-22T17:11:57.476748+00:00
0x85f45daf9fbd792e1eefd7e6a224d707765424cf,2025-08-22T17:11:57.484934+00:00
0xbaf1946eacc12b8c74cd8d223a785b7458633c6d,2025-08-22T17:11:57.492948+00:00
0xdb448ba59c902087fa72a3c96301ffd46378da3d,2025-08-22T17:11:57.500815+00:00
0xfdbb9e2d789a28115a2e3a25286b7d22ffb5856d,2025-08-22T17:11:57.509732+00:00
0x4023f65dfd58cdbc3ad3433cf989235b66ec6f1f,2025-08-22T17:11:57.518779+00:00
0x05f035454d7a2f1e9a066112aee31724b11e0615,2025-08-22T17:11:57.527036+00:00
